id	begin	end	full_sequence	sequence	SA	volume	bulkiness	hydrophobicity	type	positive_count	Orientation	type
P23786	179	208	MVPRLLLRAWPRGPAVGPGAPSRPLSAGSGPGQYLQRSIVPTMHYQDSLPRLPIPKLEDTIRRYLSAQKPLLNDGQFRKTEQFCKSFENGIGKELHEQLVALDKQNKHTSYISGPWFDMYLSARDSVVLNFNPFMAFNPDPKSEYNDQLTRATNMTVSAIRFLKTLRAGLLEPEVFHLNPAKSDTITFKRLIRFVPSSLSWYGAYLVNAYPLDMSQYFRLFNSTRLPKPSRDELFTDDKARHLLVLRKGNFYIFDVLDQDGNIVSPSEIQAHLKYILSDSSPAPEFPLAYLTSENRDIWAELRQKLMSSGNEESLRKVDSAVFCLCLDDFPIKDLVHLSHNMLHGDGTNRWFDKSFNLIIAKDGSTAVHFEHSWGDGVAVLRFFNEVFKDSTQTPAVTPQSQPATTDSTVTVQKLNFELTDALKTGITAAKEKFDATMKTLTIDCVQFQRGGKEFLKKQKLSPDAVAQLAFQMAFLRQYGQTVATYESCSTAAFKHGRTETIRPASVYTKRCSEAFVREPSRHSAGELQQMMVECSKYHGQLTKEAAMGQGFDRHLFALRHLAAAKGIILPELYLDPAYGQINHNVLSTSTLSSPAVNLGGFAPVVSDGFGVGYAVHDNWIGCNVSSYPGRNAREFLQCVEKALEDMFDALEGKSIKS	NPAKSDTITFKRLIRFVPSSLSWYGAYLVN	196.1	139.41666666666666	15.848333333333334	-0.03				intramembrane region
P55084	173	220	MTILTYPFKNLPTASKWALRFSIRPLSCSSQLRAAPAVQTKTKKTLAKPNIRNVVVVDGVRTPFLLSGTSYKDLMPHDLARAALTGLLHRTSVPKEVVDYIIFGTVIQEVKTSNVAREAALGAGFSDKTPAHTVTMACISANQAMTTGVGLIASGQCDVIVAGGVELMSDVPIRHSRKMRKLMLDLNKAKSMGQRLSLISKFRFNFLAPELPAVSEFSTSETMGHSADRLAAAFAVSRLEQDEYALRSHSLAKKAQDEGLLSDVVPFKVPGKDTVTKDNGIRPSSLEQMAKLKPAFIKPYGTVTAANSSFLTDGASAMLIMAEEKALAMGYKPKAYLRDFMYVSQDPKDQLLLGPTYATPKVLEKAGLTMNDIDAFEFHEAFSGQILANFKAMDSDWFAENYMGRKTKVGLPPLEKFNNWGGSLSLGHPFGATGCRLVMAAANRLRKEGGQYGLVAACAAGGQGHAMIVEAYPK	IRHSRKMRKLMLDLNKAKSMGQRLSLISKFRFNFLAPELPAVSEFSTS	202.10416666666666	141.71041666666662	15.406041666666665	-0.29				intramembrane region
Q92575	414	434	MLWFQGAIPAAIATAKRSGAVFVVFVAGDDEQSTQMAASWEDDKVTEASSNSFVAIKIDTKSEACLQFSQIYPVVCVPSSFFIGDSGIPLEVIAGSVSADELVTRIHKVRQMHLLKSETSVANGSQSESSVSTPSASFEPNNTCENSQSRNAELCEIPPTSDTKSDTATGGESAGHATSSQEPSGCSDQRPAEDLNIRVERLTKKLEERREEKRKEEEQREIKKEIERRKTGKEMLDYKRKQEEELTKRMLEERNREKAEDRAARERIKQQIALDRAERAARFAKTKEEVEAAKAAALLAKQAEMEVKRESYARERSTVARIQFRLPDGSSFTNQFPSDAPLEEARQFAAQTVGNTYGNFSLATMFPRREFTKEDYKKKLLDLELAPSASVVLLPAGRPTASIVHSSSGDIWTLLGTVLYPFLAIWRLISNFLFSNPPPTQTSVRVTSSEPPNPASSSKSEKREPVRKRVLEKRGDDFKKEGKIYRLRTQDDGEDENNTWNGNSTQQM	LLGTVLYPFLAIWRLISNFLF	201.42857142857142	153.27142857142854	17.930476190476192	1.55				intramembrane region
Q5T9A4	247	264	MSWLFGVNKGPKGEGAGPPPPLPPAQPGAEGGGDRGLGDRPAPKDKWSNFDPTGLERAAKAARELEHSRYAKEALNLAQMQEQTLQLEQQSKLKEYEAAVEQLKSEQIRAQAEERRKTLSEETRQHQARAQYQDKLARQRYEDQLKQQQLLNEENLRKQEESVQKQEAMRRATVEREMELRHKNEMLRVETEARARAKAERENADIIREQIRLKASEHRQTVLESIRTAGTLFGEGFRAFVTDRDKVTATVAGLTLLAVGVYSAKNATAVTGRFIEARLGKPSLVRETSRITVLEALRHPIQVSRRLLSRPQDVLEGVVLSPSLEARVRDIAIATRNTKKNRGLYRHILLYGPPGTGKTLFAKKLALHSGMDYAIMTGGDVAPMGREGVTAMHKLFDWANTSRRGLLLFMDEADAFLRKRATEEISKDLRATLNAFLYHMGQHSNKFMLVLASNLPEQFDCAINSRIDVMVHFDLPQQEERERLVRLHFDNCVLKPATEGKRRLKLAQFDYGRKCSEVARLTEGMSGREIAQLAVSWQATAYASKDGVLTEAMMDACVQDAVQQYRQKMRWLKAEGPGRGVEHPLSGVQGETLTSWSLATDPSYPCLAGPCTFRICSWMGTGLCPGPLSPRMSCGGGRPFCPPGHPLL	VTATVAGLTLLAVGVYSA	164.27777777777777	120.3111111111111	15.449444444444445	1.69				intramembrane region
Q9UBP0	57	77	MNSPGGRGKKKGSGGASNPVPPRPPPPCLAPAPPAAGPAPPPESPHKRNLYYFSYPLFVGFALLRLVAFHLGLLFVWLCQRFSRALMAAKRSSGAAPAPASASAPAPVPGGEAERVRVFHKQAFEYISIALRIDEDEKAGQKEQAVEWYKKGIEELEKGIAVIVTGQGEQCERARRLQAKMMTNLVMAKDRLQLLEKMQPVLPFSKSQTDVYNDSTNLACRNGHLQSESGAVPKRKDPLTHTSNSLPRSKTVMKTGSAGLSGHHRAPSYSGLSMVSGVKQGSGPAPTTHKGTPKTNRTNKPSTPTTATRKKKDLKNFRNVDSNLANLIMNEIVDNGTAVKFDDIAGQDLAKQALQEIVILPSLRPELFTGLRAPARGLLLFGPPGNGKTMLAKAVAAESNATFFNISAASLTSKYVGEGEKLVRALFAVARELQPSIIFIDEVDSLLCERREGEHDASRRLKTEFLIEFDGVQSAGDDRVLVMGATNRPQELDEAVLRRFIKRVYVSLPNEETRLLLLKNLLCKQGSPLTQKELAQLARMTDGYSGSDLTALAKDAALGPIRELKPEQVKNMSASEMRNIRLSDFTESLKKIKRSVSPQTLEAYIRWNKDFGDTTV	LFVGFALLRLVAFHLGLLFVW	197.04761904761904	152.29999999999998	17.76904761904762	2.12				intramembrane region
Q9NVJ2	1	19	MLALISRLLDWFRSLFWKEEMELTLVGLQYSGKTTFVNVIASGQFSEDMIPTVGFNMRKVTKGNVTIKIWDIGGQPRFRSMWERYCRGVNAIVYMIDAADREKIEASRNELHNLLDKPQLQGIPVLVLGNKRDLPNALDEKQLIEKMNLSAIQDREICCYSISCKEKDNIDITLQWLIQHSKSRRS	MLALISRLLDWFRSLFWKE	216.57894736842104	159.47368421052633	17.239473684210527	0.5				intramembrane region
Q96BM9	1	19	MIALFNKLLDWFKALFWKEEMELTLVGLQYSGKTTFVNVIASGQFNEDMIPTVGFNMRKITKGNVTIKLWDIGGQPRFRSMWERYCRGVSAIVYMVDAADQEKIEASKNELHNLLDKPQLQGIPVLVLGNKRDLPGALDEKELIEKMNLSAIQDREICCYSISCKEKDNIDITLQWLIQHSKSRRS	MIALFNKLLDWFKALFWKE	215.3684210526316	161.48947368421054	17.588947368421056	0.51				intramembrane region
Q16134	109	130	MLVPLAKLSCLAYQCFHALKIKKNYLPLCATRWSSTSTVPRITTHYTIYPRDKDKRWEGVNMERFAEEADVVIVGAGPAGLSAAVRLKQLAVAHEKDIRVCLVEKAAQIGAHTLSGACLDPGAFKELFPDWKEKGAPLNTPVTEDRFGILTEKYRIPVPILPGLPMNNHGNYIVRLGHLVSWMGEQAEALGVEVYPGYAAAEVLFHDDGSVKGIATNDVGIQKDGAPKATFERGLELHAKVTIFAEGCHGHLAKQLYKKFDLRANCEPQTYGIGLKELWVIDEKNWKPGRVDHTVGWPLDRHTYGGSFLYHLNEGEPLVALGLVVGLDYQNPYLSPFREFQRWKHHPSIRPTLEGGKRIAYGARALNEGGFQSIPKLTFPGGLLIGCSPGFMNVPKIKGTHTAMKSGILAAESIFNQLTSENLQSKTIGLHVTEYEDNLKNSWVWKELYSVRNIRPSCHGVLGVYGGMIYTGIFYWILRGMEPWTLKHKGSDFERLKPAKDCTPIEYPKPDGQISFDLLSSVALSGTNHEHDQPAHLTLRDDSIPVNRNLSIYDGPEQRFCPAGVYEFVPVEQGDGFRLQINAQNCVHCKTCDIKDPSQNINWVVPEGGGGPAYNGM	IGAHTLSGACLDPGAFKELFPD	175.45454545454547	123.3681818181818	14.08136363636364	0.27				intramembrane region
Q16134	428	447	MLVPLAKLSCLAYQCFHALKIKKNYLPLCATRWSSTSTVPRITTHYTIYPRDKDKRWEGVNMERFAEEADVVIVGAGPAGLSAAVRLKQLAVAHEKDIRVCLVEKAAQIGAHTLSGACLDPGAFKELFPDWKEKGAPLNTPVTEDRFGILTEKYRIPVPILPGLPMNNHGNYIVRLGHLVSWMGEQAEALGVEVYPGYAAAEVLFHDDGSVKGIATNDVGIQKDGAPKATFERGLELHAKVTIFAEGCHGHLAKQLYKKFDLRANCEPQTYGIGLKELWVIDEKNWKPGRVDHTVGWPLDRHTYGGSFLYHLNEGEPLVALGLVVGLDYQNPYLSPFREFQRWKHHPSIRPTLEGGKRIAYGARALNEGGFQSIPKLTFPGGLLIGCSPGFMNVPKIKGTHTAMKSGILAAESIFNQLTSENLQSKTIGLHVTEYEDNLKNSWVWKELYSVRNIRPSCHGVLGVYGGMIYTGIFYWILRGMEPWTLKHKGSDFERLKPAKDCTPIEYPKPDGQISFDLLSSVALSGTNHEHDQPAHLTLRDDSIPVNRNLSIYDGPEQRFCPAGVYEFVPVEQGDGFRLQINAQNCVHCKTCDIKDPSQNINWVVPEGGGGPAYNGM	IGLHVTEYEDNLKNSWVWKE	207.95	146.97	16.024499999999996	-0.83				intramembrane region
Q9Y679	21	41	MELPSGPGPERLFDSHRLPGDCFLLLVLLLYAPVGFCLLVLRLFLGIHVFLVSCALPDSVLRRFVVRTMCAVLGLVARQEDSGLRDHSVRVLISNHVTPFDHNIVNLLTTCSTPLLNSPPSFVCWSRGFMEMNGRGELVESLKRFCASTRLPPTPLLLFPEEEATNGREGLLRFSSWPFSIQDVVQPLTLQVQRPLVSVTVSDASWVSELLWSLFVPFTVYQVRWLRPVHRQLGEANEEFALRVQQLVAKELGQTGTRLTPADKAEHMKRQRHPRLRPQSAQSSFPPSPGPSPDVQLATLAQRVKEVLPHVPLGVIQRDLAKTGCVDLTITNLLEGAVAFMPEDITKGTQSLPTASASKFPSSGPVTPQPTALTFAKSSWARQESLQERKQALYEYARRRFTERRAQEAD	DCFLLLVLLLYAPVGFCLLVL	190.14285714285714	146.8190476190476	18.374761904761904	2.5				intramembrane region
